Rank ,Puzzles ,AMT (s) ,Solved rate ,1-sigma Mean (s) ,1-sigma STD (s) 
1,1 1 4 6 ,4.39,99.2%,4.65,1.48
2,1 1 11 11 ,4.43,99.6%,4.7,1.46
3,1 1 3 8 ,4.44,99.2%,4.69,1.48
4,1 1 1 8 ,4.46,98.8%,4.65,1.25
5,6 6 6 6 ,4.58,99.4%,4.81,1.48
6,1 1 2 12 ,4.63,99.2%,4.95,1.57
7,1 2 2 6 ,4.8,99.2%,5.17,1.62
8,1 1 10 12 ,4.81,99%,5.05,1.54
9,1 1 1 12 ,4.85,99.2%,5.18,1.63
10,2 2 10 10 ,4.86,98.2%,5.14,1.63
11,1 1 2 8 ,4.98,97.7%,5.31,1.75
12,1 1 4 8 ,4.99,98.2%,5.36,1.84
13,1 1 5 8 ,5.01,96.4%,5.38,1.82
14,2 2 2 12 ,5.01,99.1%,5.34,1.68
15,1 1 3 12 ,5.02,97.3%,5.36,1.83
16,4 6 11 11 ,5.02,98.9%,5.39,1.73
17,3 3 3 8 ,5.03,98%,5.4,1.79
18,1 1 4 12 ,5.04,97.4%,5.46,1.85
19,1 1 12 12 ,5.05,99.4%,5.41,1.66
20,1 1 2 6 ,5.1,98.4%,5.41,1.61
21,1 1 2 11 ,5.11,98.9%,5.42,1.71
22,11 11 12 12 ,5.11,98.7%,5.51,1.88
23,1 2 3 4 ,5.12,99.1%,5.46,1.83
24,3 7 7 8 ,5.12,96.8%,5.5,1.91
25,1 1 13 13 ,5.15,99.3%,5.45,1.65
26,1 2 4 12 ,5.17,97.6%,5.58,2
27,1 1 3 6 ,5.18,97.7%,5.52,1.76
28,1 1 3 9 ,5.18,97%,5.52,1.86
29,1 1 5 6 ,5.19,96.8%,5.62,2.04
30,4 6 7 7 ,5.19,98.6%,5.53,1.83
31,1 1 2 13 ,5.2,98.7%,5.49,1.79
32,7 7 12 12 ,5.2,98.6%,5.6,1.88
33,1 1 11 13 ,5.23,99.1%,5.66,1.84
34,2 11 11 12 ,5.24,97.2%,5.67,1.99
35,4 6 13 13 ,5.24,98.8%,5.64,1.79
36,1 6 6 12 ,5.25,98.7%,5.59,1.72
37,4 5 12 12 ,5.25,97%,5.6,1.79
38,4 4 4 6 ,5.26,98.1%,5.62,1.96
39,12 12 12 12 ,5.26,99.3%,5.73,2.12
40,1 1 1 11 ,5.29,97.4%,5.57,1.66
41,1 1 11 12 ,5.29,99.3%,5.68,1.79
42,2 7 7 12 ,5.29,98.7%,5.65,1.88
43,10 10 12 12 ,5.3,98.6%,5.73,1.9
44,1 5 7 12 ,5.31,98.3%,5.88,2.12
45,2 2 3 8 ,5.32,98.2%,5.72,1.94
46,1 8 8 8 ,5.33,97.7%,5.68,1.95
47,3 8 13 13 ,5.33,94.8%,5.68,2.07
48,1 1 5 5 ,5.34,99.1%,5.7,1.81
49,2 9 9 12 ,5.34,97.4%,5.75,2
50,11 11 11 12 ,5.34,94.9%,5.63,1.99
51,9 9 12 12 ,5.35,98.4%,5.85,2.11
52,3 3 12 12 ,5.38,98.8%,5.85,2.05
53,1 1 4 5 ,5.39,97.8%,5.77,2.02
54,1 6 8 12 ,5.39,96.9%,5.77,1.99
55,3 8 11 11 ,5.39,95.9%,5.74,2.08
56,8 8 12 12 ,5.39,98.5%,5.83,1.97
57,5 6 12 12 ,5.4,97.1%,5.8,1.82
58,11 12 12 12 ,5.4,97.7%,5.74,1.87
59,12 12 13 13 ,5.4,98.6%,5.8,1.91
60,1 1 12 13 ,5.42,98.7%,5.81,1.84
61,1 3 5 12 ,5.42,96.4%,5.79,2.1
62,5 5 12 12 ,5.42,98.7%,5.78,1.73
63,3 8 10 10 ,5.43,95.6%,5.9,2.26
64,1 9 9 12 ,5.45,95.5%,5.73,1.77
65,3 8 9 9 ,5.45,97%,5.81,1.96
66,3 4 4 8 ,5.46,98.3%,5.86,1.94
67,2 3 3 12 ,5.47,98.6%,5.93,2.05
68,2 5 5 12 ,5.48,98.7%,5.89,1.99
69,11 11 11 13 ,5.49,98.4%,6.03,2.24
70,2 12 13 13 ,5.5,97.2%,5.84,2.01
71,7 7 11 12 ,5.5,93.6%,5.78,2.05
72,1 4 10 10 ,5.51,97.9%,5.92,2.09
73,5 5 11 12 ,5.51,96.5%,5.89,1.89
74,1 1 3 7 ,5.52,96.9%,5.83,1.95
75,1 3 4 12 ,5.53,98.6%,5.95,1.96
76,4 4 12 12 ,5.53,98.6%,5.95,2.05
77,1 2 5 8 ,5.54,95.6%,5.95,2.26
78,2 2 4 6 ,5.55,99%,5.93,1.91
79,3 5 5 8 ,5.55,97%,5.95,2.06
80,1 8 9 12 ,5.56,96.4%,5.87,1.97
81,1 3 10 10 ,5.57,97.4%,5.87,1.99
82,6 7 12 12 ,5.57,95.7%,5.95,2.04
83,2 3 12 12 ,5.58,97.4%,5.97,1.99
84,1 1 1 13 ,5.59,97.3%,5.9,1.77
85,1 4 7 12 ,5.59,98.4%,6,2.01
86,1 6 7 12 ,5.59,98.5%,5.99,1.99
87,2 3 3 8 ,5.59,96.9%,5.95,1.94
88,1 3 3 4 ,5.61,97.5%,5.85,1.77
89,8 8 11 13 ,5.61,97.1%,6.13,2.3
90,1 8 8 12 ,5.62,96.4%,5.91,1.89
91,2 7 7 8 ,5.64,96.8%,5.95,1.99
92,3 7 8 8 ,5.64,96%,6.01,2.05
93,1 1 4 7 ,5.65,97.1%,5.95,2.05
94,4 4 11 13 ,5.65,97.9%,6.25,2.35
95,5 5 7 7 ,5.65,97.9%,5.98,1.9
96,7 8 12 12 ,5.65,96.1%,6.09,2.12
97,9 9 11 12 ,5.65,94%,6,2.16
98,1 2 5 12 ,5.66,95.5%,6.12,2.2
99,1 7 9 12 ,5.66,96%,6.07,2.23
100,1 1 10 13 ,5.67,97.9%,6.1,2.2
101,4 6 6 6 ,5.67,98.3%,6.04,2.08
102,1 1 2 10 ,5.69,95.7%,5.98,1.83
103,1 6 9 12 ,5.69,95.5%,6.06,2.13
104,3 3 4 6 ,5.69,97.7%,6.11,2.1
105,4 5 5 6 ,5.69,97.4%,6.1,2.11
106,4 5 11 12 ,5.69,97.4%,6.07,2.1
107,2 2 12 12 ,5.7,98.7%,6.22,2.25
108,3 7 7 7 ,5.7,97.4%,6.03,2.01
109,1 2 2 10 ,5.71,96.4%,6.05,2.1
110,1 6 6 11 ,5.71,98.2%,6.18,2.24
111,1 7 7 10 ,5.71,97.9%,6.15,2.15
112,2 2 2 3 ,5.71,99%,5.97,1.71
113,4 8 11 11 ,5.71,95.1%,6.03,1.99
114,3 3 11 12 ,5.73,94.6%,6.12,2.19
115,4 4 11 12 ,5.73,91.8%,6.09,2.38
116,12 12 12 13 ,5.73,97.5%,6.06,1.96
117,3 6 11 11 ,5.74,94.4%,6,2.05
118,3 8 8 8 ,5.75,97.5%,6.1,2.15
119,8 9 12 12 ,5.75,96.1%,6.25,2.23
120,2 8 9 9 ,5.76,96.4%,6.16,2.12
121,1 2 2 12 ,5.77,97.7%,6.11,1.98
122,1 5 8 8 ,5.77,94.8%,6.36,2.68
123,2 2 3 12 ,5.77,98.1%,6.18,2.02
124,6 6 12 12 ,5.79,98.4%,6.33,2.36
125,7 7 11 13 ,5.79,97.5%,6.33,2.3
126,1 5 6 12 ,5.8,98.5%,6.19,2.07
127,4 6 9 9 ,5.8,96.3%,6.18,2.23
128,6 6 11 13 ,5.8,97.8%,6.31,2.24
129,1 4 4 12 ,5.81,95.6%,6.31,2.34
130,1 4 6 12 ,5.81,96.6%,6.24,2.43
131,3 4 4 6 ,5.82,97.4%,6.14,1.96
132,9 9 11 13 ,5.82,96.8%,6.36,2.4
133,3 8 12 13 ,5.83,95.9%,6.19,2.19
134,1 8 10 12 ,5.84,95.5%,6.17,2.18
135,11 13 13 13 ,5.86,97.7%,6.42,2.44
136,4 6 6 7 ,5.87,96.4%,6.22,2.08
137,2 4 4 12 ,5.88,98.4%,6.25,2.14
138,3 6 7 7 ,5.89,93.3%,6.25,2.34
139,4 6 8 8 ,5.89,96.8%,6.33,2.24
140,1 3 6 12 ,5.9,96.8%,6.31,2.2
141,3 4 11 13 ,5.9,96.4%,6.36,2.36
142,5 6 11 12 ,5.9,97.2%,6.36,2.23
143,1 4 5 12 ,5.91,95.8%,6.33,2.32
144,1 4 8 12 ,5.91,97.5%,6.28,2.2
145,2 4 11 11 ,5.91,96.2%,6.35,2.34
146,2 10 10 12 ,5.91,97.1%,6.29,2.31
147,3 6 6 8 ,5.92,97.1%,6.34,2.23
148,6 6 10 13 ,5.92,93.7%,6.44,2.67
149,1 3 3 12 ,5.93,95.4%,6.34,2.31
150,1 12 13 13 ,5.93,94.3%,6.26,2.16
151,3 6 13 13 ,5.93,94.6%,6.17,1.96
152,3 8 10 11 ,5.93,94.4%,6.29,2.35
153,4 6 10 11 ,5.93,94.5%,6.33,2.39
154,10 11 12 12 ,5.93,95.9%,6.29,2.05
155,4 8 10 10 ,5.94,97.5%,6.35,2.15
156,10 10 11 13 ,5.94,97.6%,6.5,2.34
157,1 11 11 12 ,5.95,93.4%,6.17,2.22
158,2 8 8 12 ,5.95,97.4%,6.5,2.47
159,4 5 12 13 ,5.95,97.7%,6.45,2.16
160,5 5 5 5 ,5.95,95.2%,6.37,2.16
161,1 1 3 13 ,5.97,95.1%,6.35,2.12
162,1 2 11 11 ,5.97,97.4%,6.46,2.45
163,1 3 6 8 ,5.97,95.5%,6.4,2.54
164,9 10 12 12 ,5.97,95.7%,6.26,2.03
165,1 2 6 6 ,5.98,97.5%,6.41,2.23
166,1 7 8 9 ,5.98,97.1%,6.42,2.29
167,1 6 12 12 ,5.99,94.5%,6.38,2.44
168,1 7 8 10 ,5.99,97.6%,6.42,2.3
169,2 8 10 10 ,5.99,95.3%,6.3,2.07
170,3 7 10 10 ,5.99,97.2%,6.38,2.21
171,4 6 10 10 ,5.99,96.4%,6.37,2.38
172,1 2 4 4 ,6,97%,6.34,2.14
173,1 2 6 12 ,6,96.9%,6.38,2.24
174,1 6 7 10 ,6,98.5%,6.55,2.28
175,1 5 7 11 ,6.02,98.5%,6.47,2.14
176,1 10 10 12 ,6.02,92.4%,6.24,2.09
177,4 5 5 5 ,6.02,97.4%,6.56,2.41
178,1 5 8 12 ,6.03,98.2%,6.5,2.22
179,1 2 10 12 ,6.04,97.4%,6.55,2.4
180,2 2 11 13 ,6.04,98%,6.6,2.43
181,3 9 9 9 ,6.05,97.6%,6.49,2.17
182,4 8 13 13 ,6.05,94.5%,6.27,1.91
183,1 1 4 4 ,6.06,94.5%,6.33,2.42
184,3 8 12 12 ,6.06,96.6%,6.51,2.48
185,1 1 6 6 ,6.07,97.2%,6.49,2.2
186,1 2 4 8 ,6.07,96.5%,6.47,2.32
187,3 4 12 12 ,6.07,94.6%,6.54,2.49
188,1 3 9 12 ,6.08,96.2%,6.49,2.34
189,1 6 8 9 ,6.08,98.1%,6.53,2.36
190,1 2 6 8 ,6.09,95.9%,6.42,2.33
191,4 7 7 8 ,6.09,93.8%,6.56,2.53
192,3 3 11 13 ,6.1,97%,6.62,2.5
193,1 7 8 8 ,6.11,96.6%,6.64,2.66
194,2 2 11 12 ,6.11,92.4%,6.5,2.55
195,3 8 11 12 ,6.11,94.2%,6.61,2.67
196,5 6 12 13 ,6.11,97.4%,6.52,2.18
197,1 1 3 4 ,6.12,98%,6.44,2.05
198,1 1 9 13 ,6.12,97.2%,6.57,2.53
199,2 11 12 12 ,6.12,95.4%,6.5,2.26
200,3 3 4 8 ,6.12,96.2%,6.44,2.14
201,2 8 13 13 ,6.13,90.3%,6.45,2.6
202,1 7 7 12 ,6.15,88.9%,6.28,2.31
203,2 11 11 11 ,6.15,89.9%,6.26,2.5
204,10 13 13 13 ,6.15,93.4%,6.62,2.81
205,1 2 3 10 ,6.16,98.3%,6.48,2
206,1 5 7 13 ,6.16,98%,6.54,2.09
207,2 3 11 12 ,6.16,94.8%,6.73,2.75
208,2 13 13 13 ,6.17,91.1%,6.35,2.35
209,3 3 3 12 ,6.17,96.8%,6.65,2.47
210,5 5 12 13 ,6.17,95.5%,6.65,2.17
211,1 5 5 12 ,6.18,90.5%,6.38,2.33
212,4 7 12 12 ,6.18,88.6%,6.6,2.92
213,5 5 11 13 ,6.18,96.1%,6.77,2.52
214,10 10 11 12 ,6.18,93.4%,6.54,2.29
215,3 3 3 6 ,6.19,97.7%,6.74,2.58
216,8 8 11 12 ,6.2,90.6%,6.55,2.66
217,11 12 13 13 ,6.2,95.2%,6.67,2.41
218,1 2 3 8 ,6.21,97%,6.61,2.36
219,1 4 7 8 ,6.22,96.7%,6.72,2.73
220,1 10 12 12 ,6.22,95.8%,6.83,2.92
221,5 5 5 6 ,6.22,96.1%,6.68,2.33
222,1 2 2 8 ,6.23,93.4%,6.67,2.64
223,1 4 6 8 ,6.24,94.5%,6.59,2.53
224,2 2 4 5 ,6.24,98.3%,6.62,2.1
225,3 11 11 12 ,6.24,91.2%,6.45,2.17
226,1 2 13 13 ,6.25,97.1%,6.96,2.71
227,1 1 5 7 ,6.26,96.5%,6.58,2.1
228,1 4 8 8 ,6.26,96.5%,6.72,2.47
229,1 8 10 13 ,6.26,94.8%,6.58,2.42
230,4 4 10 13 ,6.26,93.5%,6.74,2.8
231,7 7 12 13 ,6.26,93.7%,6.68,2.37
232,1 5 10 10 ,6.27,97.3%,6.65,2.3
233,4 6 12 13 ,6.27,93.8%,6.8,2.86
234,1 2 3 12 ,6.28,96.2%,6.82,2.54
235,2 7 8 12 ,6.29,95%,6.74,2.58
236,1 4 12 12 ,6.3,91.3%,6.55,2.49
237,4 4 5 6 ,6.3,95.7%,6.59,2.25
238,7 9 11 11 ,6.3,95.7%,6.78,2.64
239,1 3 8 9 ,6.31,92.3%,6.89,3.24
240,6 7 11 12 ,6.31,96.8%,6.85,2.6
241,1 2 10 11 ,6.32,97.6%,6.67,2.39
242,1 3 11 11 ,6.32,97.3%,6.7,2.42
243,2 2 2 8 ,6.32,96.5%,6.88,2.73
244,2 12 12 13 ,6.32,95.6%,6.72,2.38
245,1 4 4 5 ,6.33,96.9%,6.86,2.69
246,1 5 8 9 ,6.33,94%,6.81,2.65
247,9 9 12 13 ,6.33,94.1%,6.67,2.21
248,1 5 7 8 ,6.34,94.7%,6.73,2.43
249,4 8 9 9 ,6.34,90.5%,6.51,2.29
250,2 12 12 12 ,6.35,98.4%,6.75,2.46
251,2 11 13 13 ,6.39,94.3%,6.87,2.5
252,3 6 7 8 ,6.39,97.8%,6.79,2.31
253,1 2 12 12 ,6.4,95.9%,6.74,2.21
254,8 8 8 10 ,6.4,90.4%,6.75,2.92
255,1 8 8 9 ,6.41,96.3%,6.92,2.71
256,2 8 10 11 ,6.41,94.8%,6.91,2.63
257,2 8 11 11 ,6.41,88.5%,6.58,2.79
258,4 5 9 9 ,6.41,88.4%,6.64,2.71
259,1 3 6 6 ,6.42,97.2%,6.9,2.59
260,1 6 6 13 ,6.42,97.3%,6.8,2.43
261,1 6 7 11 ,6.42,97.4%,7.06,2.88
262,1 2 8 8 ,6.43,96.1%,6.98,2.71
263,3 6 10 11 ,6.43,95.8%,7.08,2.89
264,3 7 9 9 ,6.43,91.2%,6.89,2.8
265,10 10 10 13 ,6.43,93%,6.86,3
266,2 5 6 12 ,6.44,95.2%,6.83,2.53
267,1 3 3 7 ,6.45,96.1%,7.29,3.34
268,2 6 6 12 ,6.45,97.7%,6.98,2.56
269,4 5 13 13 ,6.45,87.8%,6.7,2.83
270,6 6 11 12 ,6.45,89.1%,6.77,2.98
271,1 6 9 9 ,6.47,97.4%,6.9,2.51
272,3 12 13 13 ,6.47,91.1%,6.65,2.3
273,4 4 4 4 ,6.47,97.8%,7.07,2.92
274,1 3 5 8 ,6.48,95.1%,7.14,2.9
275,2 3 11 13 ,6.48,91.9%,6.91,2.77
276,1 1 3 11 ,6.49,94.3%,6.72,1.98
277,1 2 4 6 ,6.49,95.9%,6.88,2.53
278,6 10 10 10 ,6.49,95.8%,6.75,2.3
279,1 7 8 12 ,6.5,95.6%,6.99,2.66
280,1 9 12 12 ,6.51,92.5%,6.87,2.8
281,10 11 11 13 ,6.51,94.7%,6.9,2.61
282,1 4 4 7 ,6.52,96%,7.25,3.2
283,2 2 2 11 ,6.52,92.1%,6.81,2.68
284,4 5 6 6 ,6.52,95.3%,6.84,2.34
285,1 4 6 13 ,6.53,97.5%,6.98,2.39
286,4 6 7 8 ,6.53,95.7%,6.96,2.48
287,12 13 13 13 ,6.53,94.4%,6.88,2.44
288,1 3 3 5 ,6.54,95%,6.8,2.49
289,2 4 5 12 ,6.54,94.4%,7,2.9
290,3 4 5 8 ,6.54,96.2%,7,2.65
291,3 5 11 11 ,6.55,94.5%,7.06,2.97
292,1 4 7 13 ,6.56,96.6%,7.24,2.95
293,1 5 8 10 ,6.57,96.4%,7.12,2.55
294,3 9 9 12 ,6.57,94.8%,6.96,2.59
295,1 5 10 12 ,6.58,92%,6.99,3.08
296,1 6 8 10 ,6.58,97%,7.01,2.4
297,2 3 4 6 ,6.58,97.7%,7,2.29
298,2 8 8 13 ,6.58,92.9%,6.97,2.59
299,2 10 11 12 ,6.58,95.8%,6.88,2.4
300,3 7 11 11 ,6.58,88%,6.8,3.03
301,3 7 13 13 ,6.58,87.2%,6.71,2.75
302,5 6 6 7 ,6.58,97.9%,7.08,2.44
303,1 2 5 6 ,6.59,94.4%,7.11,2.75
304,1 7 7 11 ,6.59,96.8%,7.15,2.6
305,3 10 10 12 ,6.59,94.3%,6.93,2.32
306,4 6 11 12 ,6.59,92.8%,6.98,2.92
307,7 8 11 12 ,6.59,96.2%,7.07,2.65
308,4 6 12 12 ,6.6,96.9%,7.06,2.44
309,3 7 7 12 ,6.61,90%,6.78,2.58
310,1 3 3 9 ,6.62,96.8%,7.16,2.83
311,1 3 13 13 ,6.62,97%,7.13,2.59
312,2 2 8 12 ,6.63,98%,7.06,2.29
313,1 10 11 12 ,6.64,94.6%,7.02,2.51
314,3 6 6 7 ,6.65,93.7%,7.11,2.69
315,4 4 12 13 ,6.65,91.9%,7.03,2.55
316,1 2 10 13 ,6.66,97%,7.15,2.71
317,3 8 9 10 ,6.66,96.2%,7,2.5
318,2 5 6 11 ,6.67,96.4%,7.16,2.61
319,2 8 9 12 ,6.67,95%,7.07,2.73
320,3 3 3 3 ,6.67,96%,7.39,3.33
321,1 2 3 6 ,6.68,97%,7.09,2.42
322,1 2 5 5 ,6.69,95.1%,7.2,2.9
323,1 3 3 3 ,6.69,95.6%,7.08,2.53
324,1 9 11 12 ,6.69,93.6%,7.11,3
325,1 12 12 12 ,6.69,93.5%,6.9,2.58
326,5 6 7 7 ,6.69,87.7%,6.86,2.71
327,9 9 10 13 ,6.69,91%,6.88,2.67
328,2 2 5 5 ,6.71,93.2%,7.08,2.48
329,1 4 8 13 ,6.72,97.4%,7.1,2.45
330,4 4 5 5 ,6.72,93.2%,7.16,2.55
331,5 7 10 12 ,6.72,96.7%,7.15,2.45
332,6 7 12 13 ,6.72,95.4%,7.2,2.72
333,1 1 2 7 ,6.73,95.4%,6.95,2.06
334,3 4 10 13 ,6.73,96.5%,7.19,2.82
335,4 5 11 11 ,6.73,87.3%,7.2,3.59
336,3 3 5 6 ,6.74,96.3%,7.34,2.67
337,6 8 10 12 ,6.74,97.2%,7.29,2.79
338,1 5 6 6 ,6.75,93.7%,7.42,3.4
339,1 2 5 7 ,6.76,95.1%,7.09,2.66
340,1 1 6 12 ,6.78,91%,7.41,3.38
341,2 2 2 13 ,6.78,93.3%,7.12,2.72
342,1 2 11 13 ,6.79,93.6%,7.43,3.1
343,1 6 6 10 ,6.79,93.5%,7.15,3.07
344,2 2 2 4 ,6.79,95.9%,7.12,2.47
345,2 3 12 13 ,6.79,95.9%,7.26,2.63
346,3 3 12 13 ,6.79,93.3%,7.23,2.65
347,4 5 7 7 ,6.8,91.2%,7.43,3.5
348,7 7 10 13 ,6.8,89.6%,7.09,3.13
349,1 1 2 9 ,6.81,94.7%,7.1,2.33
350,5 7 11 11 ,6.81,96%,7.25,2.67
351,2 11 11 13 ,6.82,95%,7.33,2.86
352,3 4 5 7 ,6.82,96.7%,7.3,2.66
353,8 9 11 12 ,6.82,95.2%,7.48,3.04
354,4 8 8 8 ,6.83,94.5%,7.2,2.78
355,11 12 12 13 ,6.83,97.1%,7.42,2.67
356,1 6 8 11 ,6.84,97.7%,7.3,2.46
357,2 4 4 8 ,6.84,96.5%,7.24,2.66
358,4 7 7 7 ,6.84,88.9%,7.02,3
359,2 6 6 8 ,6.85,95.5%,7.43,2.99
360,4 4 4 8 ,6.85,96.3%,7.44,2.86
361,5 6 13 13 ,6.85,86.9%,6.94,2.72
362,7 8 12 13 ,6.85,96.5%,7.34,2.6
363,2 4 13 13 ,6.86,95.6%,7.39,2.77
364,7 9 13 13 ,6.86,96.2%,7.43,2.78
365,9 11 11 11 ,6.86,95.3%,7.22,2.75
366,1 9 10 12 ,6.87,93.8%,7.21,2.74
367,1 3 4 4 ,6.88,93.2%,7.18,3.04
368,4 7 13 13 ,6.88,87.6%,7.09,2.96
369,1 1 3 5 ,6.89,95.2%,7.2,2.32
370,1 1 4 9 ,6.89,93.4%,7.07,2.31
371,6 9 12 12 ,6.89,89.2%,7.44,3.65
372,1 3 6 7 ,6.9,96.1%,7.31,2.78
373,1 3 10 11 ,6.9,96.4%,7.56,3.11
374,4 7 10 11 ,6.9,97.1%,7.43,2.73
375,8 9 10 13 ,6.91,95.9%,7.41,2.68
376,1 2 2 11 ,6.92,97%,7.48,2.94
377,1 11 12 12 ,6.92,94.2%,7.47,3.15
378,2 5 5 13 ,6.92,91.9%,7.33,2.76
379,9 10 11 12 ,6.92,96.1%,7.43,2.77
380,2 8 12 12 ,6.93,95%,7.29,2.61
381,3 3 3 7 ,6.93,92.1%,7.36,3.15
382,4 6 9 10 ,6.93,93.7%,7.47,3.25
383,5 5 10 10 ,6.93,86.8%,7.24,3.12
384,6 8 11 11 ,6.93,94.1%,7.46,3.06
385,8 9 12 13 ,6.93,96%,7.43,2.71
386,1 2 11 12 ,6.94,96.9%,7.65,3.18
387,2 5 12 12 ,6.94,83.4%,7.37,4.11
388,2 5 5 8 ,6.95,88%,7.11,3.11
389,2 6 10 12 ,6.95,95.2%,7.42,2.8
390,3 3 3 10 ,6.95,94.2%,7.51,3.25
391,4 5 10 10 ,6.95,91%,7.27,3.04
392,2 4 5 8 ,6.96,95.1%,7.35,2.76
393,4 7 8 8 ,6.96,94.1%,7.36,2.55
394,8 8 10 13 ,6.96,90.4%,7.36,3.06
395,3 8 8 9 ,6.97,95.6%,7.29,2.52
396,1 1 8 8 ,6.98,89.6%,7.43,3.68
397,1 2 6 7 ,6.98,95.2%,7.36,2.56
398,2 9 9 11 ,6.98,87.3%,6.98,2.68
399,2 6 7 13 ,6.99,96.7%,7.39,2.65
400,11 11 12 13 ,6.99,95%,7.41,2.49
401,2 2 12 13 ,7,92.2%,7.27,2.62
402,5 5 10 13 ,7,89.7%,7.35,3.24
403,6 7 10 13 ,7,96.4%,7.52,2.77
404,4 4 4 12 ,7.01,96.5%,7.5,2.95
405,5 6 9 9 ,7.01,90.5%,7.26,2.73
406,5 6 11 11 ,7.01,87.2%,7.22,3.15
407,1 3 7 13 ,7.02,96.8%,7.4,2.62
408,1 8 8 11 ,7.02,93.4%,7.48,3.47
409,6 8 8 8 ,7.02,88%,7.42,3.48
410,1 3 5 13 ,7.03,94.2%,7.43,2.71
411,2 9 9 13 ,7.03,88.6%,7.1,2.52
412,3 6 6 12 ,7.03,95.3%,7.67,2.91
413,3 6 9 9 ,7.03,94%,7.6,3.26
414,1 6 8 8 ,7.04,93%,7.35,2.95
415,5 5 13 13 ,7.04,85.5%,7.25,3.11
416,9 12 12 12 ,7.04,82.4%,7.1,3.7
417,1 7 7 9 ,7.05,96.3%,7.41,2.82
418,1 8 8 10 ,7.05,92.3%,7.37,2.97
419,2 6 7 12 ,7.05,92.1%,7.21,2.92
420,8 8 9 11 ,7.05,89.6%,7.61,3.69
421,2 3 5 5 ,7.06,96.2%,7.58,2.91
422,3 7 12 13 ,7.06,93.8%,7.54,3.02
423,2 3 3 13 ,7.07,94%,7.61,2.94
424,8 8 12 13 ,7.07,92.1%,7.37,2.64
425,8 10 11 11 ,7.07,94.7%,7.48,2.77
426,3 3 4 4 ,7.08,94.4%,7.46,2.7
427,3 5 5 6 ,7.08,89.1%,7.32,3.12
428,5 5 6 6 ,7.08,93.1%,7.54,2.83
429,1 3 9 11 ,7.09,95%,7.62,3.11
430,1 7 8 11 ,7.09,92.5%,7.44,3.08
431,2 2 10 13 ,7.09,90%,7.31,3.07
432,4 8 11 12 ,7.09,93%,7.66,3.16
433,1 2 3 5 ,7.1,95.5%,7.4,2.38
434,1 3 10 12 ,7.1,96.3%,7.55,2.74
435,1 2 2 13 ,7.11,96.5%,7.67,3.12
436,2 5 9 12 ,7.11,95.4%,7.56,2.87
437,5 5 11 11 ,7.11,85.9%,7.31,3.25
438,1 2 7 10 ,7.12,90.9%,7.84,4.04
439,1 7 10 12 ,7.12,92.7%,7.57,3.06
440,10 10 12 13 ,7.12,92.2%,7.45,2.62
441,3 4 11 12 ,7.14,95.1%,7.75,3.35
442,4 6 6 8 ,7.14,97.3%,7.63,2.63
443,1 5 6 9 ,7.15,91.9%,7.59,3.45
444,1 3 4 11 ,7.16,95.9%,7.66,2.89
445,2 6 10 10 ,7.16,95.7%,7.65,3.02
446,1 10 12 13 ,7.17,94.3%,7.51,2.86
447,2 7 7 13 ,7.17,86.2%,7.29,3.03
448,3 8 8 12 ,7.17,91.6%,7.67,3.13
449,6 6 6 11 ,7.17,88.6%,7.42,3.41
450,1 2 4 10 ,7.18,96.2%,7.67,3.17
451,2 8 8 8 ,7.18,93.8%,7.73,3.33
452,6 6 12 13 ,7.19,90.3%,7.6,3.08
453,2 9 10 12 ,7.2,93.8%,7.51,2.83
454,3 4 5 12 ,7.2,97%,7.62,2.67
455,3 6 11 12 ,7.2,93.5%,7.71,3.15
456,4 7 12 13 ,7.2,92.3%,7.77,3.4
457,7 8 8 9 ,7.2,86.6%,7.6,3.78
458,1 5 9 9 ,7.21,94.4%,7.73,3.16
459,2 2 7 13 ,7.21,96.2%,7.63,2.93
460,4 5 11 13 ,7.21,90.3%,7.6,3.26
461,5 9 10 10 ,7.22,92.7%,7.6,3.06
462,3 7 7 9 ,7.23,86.5%,7.26,2.96
463,3 7 11 12 ,7.23,90.7%,7.75,3.53
464,4 8 10 12 ,7.24,95.7%,7.75,2.88
465,5 6 11 13 ,7.24,91.7%,7.78,3.36
466,1 3 4 5 ,7.25,97.5%,7.74,2.52
467,1 3 7 8 ,7.25,89.2%,7.45,3.48
468,1 12 12 13 ,7.25,94.2%,7.78,3.17
469,3 9 10 11 ,7.25,93%,7.61,2.92
470,5 5 7 8 ,7.26,92.4%,7.72,2.95
471,1 6 8 13 ,7.27,94.3%,7.71,2.82
472,3 5 13 13 ,7.27,94.2%,7.73,3.07
473,1 7 9 13 ,7.28,93.7%,7.53,2.54
474,5 10 11 11 ,7.28,90.4%,7.53,2.81
475,7 9 10 12 ,7.28,94%,7.82,3.17
476,1 6 6 9 ,7.29,90.5%,7.75,3.31
477,2 2 3 9 ,7.3,94.5%,7.75,2.89
478,2 6 7 9 ,7.3,95.9%,7.81,3.04
479,2 4 10 12 ,7.31,96.6%,7.99,3.16
480,3 5 5 12 ,7.31,89%,7.64,3.32
481,4 7 11 11 ,7.31,86.3%,7.42,3.36
482,1 1 6 8 ,7.32,94.8%,7.65,2.55
483,2 3 3 11 ,7.32,89.4%,7.56,3.21
484,4 5 5 8 ,7.32,87.9%,7.44,2.91
485,10 12 12 13 ,7.32,90%,7.76,3.55
486,1 8 9 11 ,7.33,92.7%,7.66,3.09
487,3 4 8 10 ,7.33,93.4%,7.71,3.22
488,7 10 10 11 ,7.33,93.5%,7.66,2.96
489,1 8 11 12 ,7.34,91.5%,7.84,3.47
490,2 7 8 13 ,7.34,94%,7.87,3.12
491,3 6 6 6 ,7.34,94.5%,7.78,3.18
492,3 3 4 5 ,7.35,93.9%,7.8,3.2
493,3 3 9 9 ,7.35,96%,7.74,2.78
494,5 5 9 9 ,7.36,85.3%,7.63,3.41
495,5 8 8 10 ,7.36,91.3%,7.85,3.42
496,6 8 13 13 ,7.36,93.2%,7.83,3.06
497,2 3 7 12 ,7.37,94.7%,7.83,3.05
498,3 6 8 8 ,7.37,92.8%,7.72,2.96
499,4 4 5 8 ,7.37,95.9%,7.74,2.57
500,5 6 8 8 ,7.37,92%,7.73,2.94
501,10 11 11 12 ,7.37,96.8%,7.83,2.79
502,1 11 12 13 ,7.38,93.9%,7.83,3.22
503,2 5 6 8 ,7.39,95.5%,7.95,3.04
504,3 5 6 8 ,7.39,93.5%,7.86,3.2
505,3 9 11 11 ,7.41,85.8%,7.53,3.26
506,2 10 10 11 ,7.42,85.1%,7.28,2.92
507,5 5 10 11 ,7.42,87.7%,7.8,3.5
508,5 8 12 12 ,7.42,75.7%,6.79,3.52
509,7 10 12 12 ,7.42,84.6%,7.63,3.74
510,2 2 4 7 ,7.43,95.2%,8.06,3.12
511,3 3 10 13 ,7.44,89.3%,7.72,3.49
512,3 5 10 12 ,7.45,94.8%,8.02,3.15
513,1 2 3 9 ,7.46,96.3%,7.98,3.1
514,1 4 4 4 ,7.46,95.8%,7.92,2.87
515,1 7 9 9 ,7.46,94.6%,7.92,3.18
516,1 8 9 13 ,7.46,91.4%,7.91,3.58
517,4 4 4 7 ,7.46,91.2%,7.81,3.35
518,4 7 9 9 ,7.46,86.6%,7.59,3.16
519,2 4 8 10 ,7.47,97.7%,7.95,2.63
520,2 6 9 11 ,7.47,95.7%,7.95,3.14
521,3 9 13 13 ,7.47,86.3%,7.63,3.31
522,4 8 12 13 ,7.48,91.8%,8.17,3.67
523,1 2 3 7 ,7.49,96.1%,8.16,3.19
524,1 4 5 5 ,7.49,95.8%,7.94,2.72
525,5 7 13 13 ,7.49,94.2%,7.91,3.22
526,6 6 6 9 ,7.49,89.7%,8.03,3.91
527,9 10 10 13 ,7.49,95.2%,7.92,3.06
528,1 5 5 6 ,7.5,94.8%,8,3.07
529,6 7 11 13 ,7.5,90.1%,7.91,3.45
530,2 2 6 6 ,7.51,95.7%,8.01,3.05
531,2 10 10 13 ,7.51,90%,7.69,2.91
532,3 4 4 7 ,7.51,90.3%,7.92,3.41
533,1 2 2 4 ,7.52,95.5%,7.82,2.42
534,2 6 6 6 ,7.52,95.9%,8.05,3.06
535,2 2 7 8 ,7.53,93.7%,7.87,2.98
536,2 6 6 13 ,7.53,84.8%,7.55,3.14
537,3 3 5 5 ,7.53,89.4%,7.75,3.15
538,3 5 5 7 ,7.53,89.9%,7.77,3.17
539,3 5 6 12 ,7.54,93.3%,8.06,3.23
540,4 4 7 9 ,7.54,93.2%,7.96,3.42
541,4 4 8 8 ,7.54,95.7%,8.16,3.21
542,5 10 13 13 ,7.54,92.5%,8,2.82
543,8 8 8 12 ,7.54,88.3%,7.92,4
544,1 2 4 13 ,7.55,93.6%,7.89,2.95
545,3 7 9 10 ,7.55,91.9%,8.13,3.51
546,2 3 4 12 ,7.57,94.3%,8.1,3.3
547,2 6 6 11 ,7.59,83.2%,7.38,3.15
548,3 6 10 12 ,7.59,92.9%,8.09,3.43
549,2 4 4 13 ,7.61,85.3%,7.73,3.42
550,2 7 8 8 ,7.61,92.4%,7.98,3.07
551,2 8 12 13 ,7.61,89.3%,7.85,3.52
552,3 4 4 12 ,7.61,90.4%,7.91,3.31
553,2 4 5 13 ,7.62,94.7%,8.2,3.28
554,1 2 12 13 ,7.63,96%,8.35,3.37
555,3 4 9 12 ,7.63,94.5%,8.09,3.12
556,2 3 5 6 ,7.64,95.1%,8.07,2.95
557,3 9 12 12 ,7.64,90.9%,8.2,3.48
558,9 11 13 13 ,7.64,92%,8.14,3.18
559,2 6 8 11 ,7.65,93.4%,8.09,3.36
560,1 3 8 12 ,7.66,96.7%,8.17,2.9
561,2 4 4 11 ,7.66,84.5%,7.67,3.43
562,4 8 10 11 ,7.68,90.3%,8.01,3.49
563,1 4 10 11 ,7.69,95%,8.14,3.18
564,8 9 11 13 ,7.69,90.7%,8.12,3.67
565,1 9 11 11 ,7.7,89.6%,7.83,3.03
566,2 6 11 13 ,7.7,89.8%,7.86,3.33
567,1 4 9 12 ,7.71,95.9%,8.38,3.37
568,2 2 4 10 ,7.71,94.2%,8.04,2.91
569,4 5 7 8 ,7.72,95.6%,8.22,3.13
570,4 7 9 10 ,7.72,90.5%,8.24,3.69
571,2 2 2 10 ,7.73,94.1%,8.14,3.33
572,3 3 4 12 ,7.73,95%,8.39,3.24
573,2 6 8 10 ,7.74,93.1%,8.24,3.45
574,3 4 4 9 ,7.75,90.9%,8.26,3.3
575,3 6 12 12 ,7.75,93.1%,8.31,3.53
576,1 2 2 5 ,7.77,94.3%,8.03,2.83
577,1 3 5 11 ,7.77,93%,8.09,2.84
578,5 6 7 8 ,7.77,93.7%,8.26,3.12
579,5 6 10 10 ,7.77,86.7%,8.05,3.79
580,3 3 4 7 ,7.78,90.3%,8.27,3.56
581,3 6 6 9 ,7.78,96.1%,8.26,2.99
582,6 6 10 12 ,7.78,93.8%,8.17,3.09
583,1 2 9 12 ,7.79,92.4%,8.38,3.82
584,4 4 4 5 ,7.79,84.9%,7.82,3.76
585,1 2 4 11 ,7.81,91.7%,8.05,2.81
586,1 6 9 13 ,7.81,90.6%,8.21,4.02
587,1 5 6 10 ,7.82,91.5%,8.15,3.24
588,2 5 5 11 ,7.83,82.9%,7.67,3.38
589,1 4 8 11 ,7.84,95.4%,8.29,2.88
590,5 6 6 6 ,7.84,87.4%,7.96,3.48
591,3 5 8 11 ,7.85,89.6%,8.12,3.49
592,8 11 12 12 ,7.85,77.6%,7.27,3.56
593,1 4 4 10 ,7.86,92.1%,8.07,3.39
594,5 6 10 11 ,7.86,90.2%,8.19,3.5
595,6 6 7 10 ,7.86,84.1%,7.89,4.08
596,6 6 9 12 ,7.86,91.8%,8.15,3.34
597,3 12 12 12 ,7.87,90.9%,8.19,3.42
598,1 2 6 9 ,7.88,94.4%,8.43,3.57
599,2 2 9 11 ,7.88,91.5%,8.17,3.27
600,2 7 7 11 ,7.88,86.4%,7.9,3.67
601,3 9 10 10 ,7.88,84.7%,7.78,3.48
602,5 8 8 9 ,7.88,87%,8.11,3.93
603,3 4 12 13 ,7.89,93.2%,8.46,3.7
604,3 6 10 10 ,7.89,85.3%,7.89,3.7
605,2 2 4 8 ,7.9,95.8%,8.41,3.06
606,4 5 10 11 ,7.9,88.1%,8.34,4.19
607,10 12 13 13 ,7.9,94.3%,8.37,2.93
608,1 4 4 9 ,7.91,94.1%,8.32,3.39
609,3 3 8 9 ,7.91,88.7%,8.29,3.85
610,2 4 6 10 ,7.92,93.7%,8.33,3.37
611,6 7 8 10 ,7.92,91.5%,8.45,3.58
612,3 4 5 5 ,7.93,93.9%,8.63,3.7
613,3 7 12 12 ,7.93,91.2%,8.29,3.44
614,2 2 6 12 ,7.94,94.2%,8.52,3.5
615,3 6 7 9 ,7.94,92.9%,8.37,3.49
616,4 5 8 9 ,7.94,89.1%,8.35,4.05
617,4 6 8 9 ,7.94,93.3%,8.4,3.44
618,4 8 9 10 ,7.94,88.9%,8.16,3.36
619,7 8 11 13 ,7.94,90.2%,8.48,3.82
620,2 2 3 3 ,7.95,93.3%,8.31,3.26
621,8 10 13 13 ,7.95,92.5%,8.33,3.33
622,2 3 5 11 ,7.96,94.9%,8.48,3.3
623,3 4 7 9 ,7.96,93.2%,8.42,3.77
624,3 12 12 13 ,7.97,92.5%,8.34,3.27
625,1 4 6 11 ,7.99,92.3%,8.29,3.23
626,2 3 3 6 ,7.99,96.1%,8.47,2.94
627,2 5 6 13 ,8,91.3%,8.45,3.61
628,3 4 10 12 ,8,92.5%,8.38,3.5
629,5 8 8 13 ,8,92.6%,8.39,3.67
630,3 9 12 13 ,8.01,89.7%,8.49,3.96
631,1 3 6 9 ,8.03,92.8%,8.55,3.26
632,1 2 5 9 ,8.04,95%,8.53,3.12
633,3 7 10 11 ,8.04,90.6%,8.28,3.36
634,4 4 6 12 ,8.04,93.9%,8.74,3.8
635,4 10 12 12 ,8.05,92.1%,8.49,3.36
636,2 7 8 11 ,8.06,94.7%,8.63,3.61
637,10 11 12 13 ,8.07,95.8%,8.65,3.48
638,2 3 4 8 ,8.08,92.6%,8.8,4.01
639,2 8 8 9 ,8.08,90.3%,8.39,3.37
640,4 7 9 12 ,8.08,94.9%,8.59,3.27
641,4 8 8 9 ,8.08,92.2%,8.31,3.05
642,3 5 8 8 ,8.1,92.1%,8.51,3.83
643,4 5 9 10 ,8.1,90.7%,8.46,3.61
644,8 10 10 12 ,8.1,94.2%,8.57,3.43
645,2 4 9 13 ,8.11,93.5%,8.48,3.51
646,1 1 7 10 ,8.12,85%,8.24,4.3
647,2 2 3 7 ,8.12,88.1%,8.45,3.8
648,1 5 9 10 ,8.13,93.5%,8.62,3.79
649,2 5 6 7 ,8.13,92.4%,8.58,3.67
650,2 7 11 12 ,8.13,91.5%,8.5,3.44
651,2 8 9 13 ,8.14,90.2%,8.42,3.6
652,1 4 5 11 ,8.15,90.6%,8.44,3.92
653,1 4 9 11 ,8.15,94.3%,8.78,3.69
654,3 4 9 11 ,8.16,89.7%,8.41,4
655,3 7 8 12 ,8.16,95.1%,8.66,3.25
656,4 6 8 12 ,8.16,94.1%,8.79,3.49
657,2 4 8 8 ,8.17,93.7%,8.79,4.12
658,3 5 6 6 ,8.17,92.1%,8.69,3.63
659,1 3 4 13 ,8.18,94.2%,8.75,3.66
660,1 3 6 13 ,8.18,91.9%,8.43,3.18
661,2 7 9 10 ,8.18,93.9%,8.55,3.2
662,2 8 9 10 ,8.18,88.7%,8.37,3.79
663,3 6 9 10 ,8.18,92.3%,8.51,3.58
664,2 4 8 11 ,8.2,92.8%,8.53,3.64
665,2 4 8 12 ,8.2,93.9%,8.91,4.2
666,1 8 11 13 ,8.21,88.2%,8.33,3.56
667,9 10 12 13 ,8.22,93.6%,8.82,3.62
668,6 8 8 10 ,8.23,91%,8.69,4.05
669,5 5 8 9 ,8.24,89.6%,8.69,3.92
670,1 5 5 13 ,8.25,93.1%,8.43,3.23
671,2 2 4 11 ,8.25,91.5%,8.63,3.68
672,4 4 10 12 ,8.25,90.6%,8.59,3.95
673,2 2 6 10 ,8.26,95.2%,8.69,3.04
674,5 8 9 11 ,8.29,89.8%,8.54,3.69
675,5 8 11 13 ,8.29,88.5%,8.39,3.39
676,1 6 11 12 ,8.3,88.6%,8.28,2.97
677,5 5 8 8 ,8.31,84.6%,8.44,3.91
678,5 6 9 10 ,8.31,90.8%,8.81,3.82
679,1 3 4 9 ,8.33,94.5%,8.81,3.79
680,6 6 7 9 ,8.33,90.7%,8.69,3.74
681,2 5 10 11 ,8.34,94.1%,8.92,3.54
682,1 3 12 12 ,8.35,85.5%,8.64,4.82
683,3 4 5 10 ,8.35,90.4%,8.71,4.03
684,2 4 4 4 ,8.36,94.6%,8.79,3.2
685,1 2 8 9 ,8.37,93.3%,8.93,3.45
686,2 8 8 11 ,8.37,83.9%,8.11,3.48
687,3 4 7 10 ,8.37,93.3%,8.64,3.48
688,4 4 8 11 ,8.38,86.8%,8.37,3.73
689,3 6 8 9 ,8.41,93.8%,8.83,3.19
690,6 8 10 13 ,8.41,86.6%,8.48,3.69
691,1 2 2 7 ,8.42,91.6%,8.76,3.38
692,2 9 10 11 ,8.42,88.8%,8.34,3.31
693,4 4 4 9 ,8.44,88.2%,8.47,3.98
694,4 7 8 9 ,8.44,92.1%,8.83,3.72
695,1 4 9 10 ,8.45,93.3%,8.91,3.68
696,4 4 7 12 ,8.45,89.4%,8.82,4.15
697,6 8 8 11 ,8.45,87.6%,8.66,3.87
698,2 3 3 7 ,8.46,92%,8.9,3.71
699,5 6 10 13 ,8.46,91.3%,9.12,4.23
700,1 2 6 13 ,8.47,90.6%,8.96,3.96
701,1 6 10 13 ,8.47,87.7%,8.67,4.08
702,2 4 7 10 ,8.47,91.2%,8.74,3.85
703,3 3 7 11 ,8.47,92.1%,8.77,3.58
704,1 6 12 13 ,8.48,89.3%,8.52,3.28
705,2 9 12 13 ,8.48,90.6%,8.88,3.88
706,6 6 8 9 ,8.48,90.3%,8.74,3.48
707,3 3 8 12 ,8.49,91.5%,9.02,3.91
708,4 4 6 11 ,8.49,86.4%,8.56,4.42
709,3 11 12 12 ,8.5,90.8%,8.78,3.31
710,2 4 6 6 ,8.51,94.2%,9.27,3.98
711,2 9 10 13 ,8.52,90.2%,9.12,4.07
712,5 7 8 8 ,8.52,82.7%,8.47,4.68
713,6 6 9 11 ,8.52,88.7%,8.91,4.05
714,1 3 4 10 ,8.54,92.9%,8.8,3.37
715,1 11 13 13 ,8.55,91.3%,8.88,3.74
716,2 10 11 13 ,8.55,89.5%,8.61,3.44
717,3 6 7 12 ,8.55,89.9%,8.83,3.77
718,1 2 7 8 ,8.57,94.4%,9.08,3.55
719,2 2 3 13 ,8.57,87.5%,8.58,3.61
720,2 3 10 13 ,8.57,93.4%,9.07,3.96
721,1 2 3 3 ,8.58,95.6%,8.92,2.97
722,2 6 6 10 ,8.59,94.1%,9.04,3.64
723,2 8 11 12 ,8.59,88.1%,8.8,4.15
724,3 7 7 13 ,8.59,93.5%,8.87,3.13
725,2 2 4 13 ,8.6,91.2%,9.11,4.14
726,4 5 6 7 ,8.6,90.1%,8.98,3.82
727,4 5 8 12 ,8.61,93.4%,9.12,3.71
728,1 2 3 11 ,8.62,95.7%,9.03,3.42
729,2 4 6 9 ,8.62,91.8%,9.11,4.18
730,1 4 6 7 ,8.63,87.2%,8.87,4.55
731,4 4 9 11 ,8.63,82.3%,8.31,4.41
732,1 2 9 13 ,8.64,93.4%,9.24,4.14
733,4 6 10 12 ,8.64,93.8%,9.22,3.95
734,7 8 8 11 ,8.64,80.7%,8.25,4.54
735,1 2 5 13 ,8.65,94.3%,9.2,3.69
736,4 4 4 11 ,8.65,86.1%,8.84,4.64
737,2 4 7 11 ,8.66,92.6%,9,3.81
738,2 4 9 9 ,8.66,90%,8.77,3.82
739,2 6 7 8 ,8.66,89.7%,9.05,3.93
740,2 2 8 10 ,8.68,94.3%,9.28,3.27
741,6 8 9 13 ,8.7,93.9%,9.37,3.97
742,1 3 4 7 ,8.71,95%,9.51,3.84
743,1 3 9 13 ,8.71,93.8%,9.3,4.14
744,2 3 7 11 ,8.72,91.9%,9.14,4.23
745,2 4 10 13 ,8.72,88.9%,9.11,4.44
746,2 9 11 11 ,8.72,89.2%,9.13,4.04
747,4 5 9 13 ,8.73,89.2%,9.38,4.78
748,3 9 9 10 ,8.74,86.6%,8.77,3.79
749,4 8 9 11 ,8.74,93%,9.24,3.94
750,6 6 8 11 ,8.74,82.8%,8.46,4.45
751,2 8 9 11 ,8.76,90.6%,9.13,3.79
752,3 4 7 7 ,8.76,94.1%,9.44,3.81
753,6 6 8 10 ,8.77,90.1%,9.04,4.06
754,1 2 6 11 ,8.78,90%,9.23,4.26
755,4 11 12 13 ,8.78,91.2%,9.19,3.84
756,2 5 7 10 ,8.79,92.1%,9.2,3.73
757,5 5 9 10 ,8.79,86.7%,9.11,4.34
758,2 3 5 9 ,8.8,92.1%,9.34,4.34
759,9 10 11 13 ,8.8,89.8%,9.07,3.79
760,1 3 8 8 ,8.81,86.6%,9.05,4.56
761,4 5 8 8 ,8.82,86.2%,8.8,4.04
762,4 4 8 10 ,8.84,91.3%,9.15,4.34
763,6 8 12 12 ,8.85,91.5%,9.56,4.29
764,3 5 9 12 ,8.87,89.9%,9.16,4
765,3 7 10 13 ,8.87,88.3%,9.33,4.71
766,4 8 8 12 ,8.88,94.5%,9.47,3.92
767,3 10 11 12 ,8.89,89.4%,9.06,3.71
768,4 12 12 12 ,8.89,86.2%,9.23,4.75
769,3 4 4 5 ,8.9,91.1%,9.22,3.99
770,1 2 4 5 ,8.91,90.5%,9.32,4.21
771,4 4 8 13 ,8.91,86.7%,8.86,4.24
772,5 6 6 10 ,8.91,88.9%,9.11,3.85
773,2 3 4 13 ,8.92,90.9%,9.25,3.94
774,1 1 3 10 ,8.93,88.2%,8.94,3.88
775,3 5 6 9 ,8.93,92.5%,9.36,3.68
776,1 4 5 10 ,8.94,91.2%,9.05,3.61
777,1 4 6 9 ,8.94,86%,8.8,3.99
778,1 5 5 9 ,8.94,88.4%,9.1,3.71
779,2 2 5 6 ,8.94,88.5%,9.23,4.43
780,7 8 10 13 ,8.94,92.1%,9.44,4.1
781,2 5 8 13 ,8.95,92.9%,9.45,3.91
782,1 3 5 10 ,8.97,93.3%,9.46,3.71
783,3 9 10 12 ,8.98,90.3%,9.23,3.67
784,1 3 3 10 ,8.99,89.7%,9.08,4.11
785,2 2 3 6 ,9,91.7%,9.3,4.02
786,2 11 12 13 ,9,89.7%,9.38,3.98
787,1 2 4 9 ,9.01,90.7%,9.34,3.92
788,3 5 6 7 ,9.01,89.5%,9.04,3.79
789,4 5 5 9 ,9.01,91.2%,9.33,3.87
790,2 2 5 7 ,9.02,89%,9.08,3.69
791,2 3 9 9 ,9.02,90.5%,9.41,4
792,3 6 12 13 ,9.02,86.3%,8.95,4.32
793,5 5 6 7 ,9.04,90.8%,9.48,4.07
794,6 6 8 13 ,9.06,83.3%,8.77,4.28
795,6 6 6 12 ,9.07,89.4%,9.27,4.53
796,4 7 10 10 ,9.09,83.7%,8.81,4.14
797,6 8 11 13 ,9.09,86.1%,9.42,4.51
798,1 5 9 11 ,9.11,93.1%,9.57,3.93
799,8 8 9 13 ,9.11,81.1%,8.67,4.71
800,1 5 6 8 ,9.12,90.2%,9.19,3.87
801,2 3 6 10 ,9.14,92.3%,9.38,3.77
802,3 4 7 11 ,9.14,87.3%,9.16,4.64
803,4 4 5 10 ,9.14,86%,9.17,4.73
804,2 2 3 11 ,9.15,86%,9.16,4.15
805,2 5 8 9 ,9.15,92.5%,9.46,3.72
806,2 10 11 11 ,9.15,86.2%,9.1,3.96
807,2 2 5 11 ,9.16,87.5%,9.44,4.4
808,5 10 10 12 ,9.16,86.9%,9.12,3.59
809,2 3 4 11 ,9.18,88.4%,9.35,4.14
810,1 5 10 13 ,9.19,88.5%,9.2,3.45
811,1 3 5 7 ,9.2,89.9%,9.45,4.08
812,3 5 5 9 ,9.2,83.3%,8.88,4.02
813,7 12 12 13 ,9.2,82.5%,8.92,4.14
814,4 7 7 11 ,9.22,87.5%,9.51,4.53
815,5 7 8 9 ,9.22,88.8%,9.51,4.19
816,8 8 8 13 ,9.23,84.5%,9.21,4.3
817,3 7 8 9 ,9.24,87%,9.25,3.88
818,2 3 8 12 ,9.25,93%,9.73,3.77
819,2 8 8 10 ,9.25,92.8%,9.47,3.78
820,3 3 6 11 ,9.26,90.2%,9.68,4.42
821,5 6 7 12 ,9.29,84.5%,9.23,4.34
822,3 4 6 12 ,9.3,93.4%,9.83,3.96
823,4 5 10 13 ,9.3,91.1%,9.75,4.4
824,2 3 4 4 ,9.32,94.1%,9.73,3.6
825,1 2 7 9 ,9.34,93.3%,9.81,3.83
826,2 2 6 8 ,9.34,95.5%,9.77,3.6
827,1 1 4 10 ,9.35,85.2%,9.22,5.04
828,5 8 9 12 ,9.35,92.2%,9.79,3.94
829,2 3 3 9 ,9.36,93.1%,9.8,3.84
830,3 3 3 9 ,9.37,84.1%,9.33,4.74
831,3 9 11 12 ,9.37,90.1%,9.81,4.38
832,1 9 11 13 ,9.38,87.8%,9.55,4.08
833,5 11 12 12 ,9.4,82.5%,9,4.16
834,3 7 7 10 ,9.41,89.1%,9.68,4.3
835,4 5 7 12 ,9.41,87.6%,9.32,3.9
836,2 4 4 7 ,9.42,89.4%,9.59,4.3
837,3 3 4 9 ,9.43,92.1%,9.75,3.8
838,3 4 5 9 ,9.43,85%,9.22,4.45
839,3 4 6 10 ,9.45,89.8%,9.93,4.74
840,5 9 9 11 ,9.46,89.3%,9.64,3.82
841,4 5 5 7 ,9.47,82.5%,9.09,4.26
842,3 8 9 12 ,9.48,90%,9.9,4.42
843,2 5 6 10 ,9.5,88%,9.55,4.45
844,1 6 9 10 ,9.52,91.9%,9.78,3.77
845,6 6 6 8 ,9.52,91.3%,9.84,4.24
846,2 7 9 13 ,9.53,87.1%,9.77,4.8
847,4 7 11 12 ,9.54,86.2%,9.66,4.71
848,2 3 6 11 ,9.56,90.2%,9.91,4.44
849,4 7 8 13 ,9.57,90.8%,10.05,4.35
850,2 3 8 11 ,9.58,92.5%,10.14,4.06
851,5 6 8 9 ,9.58,89.9%,9.85,4.36
852,2 6 8 8 ,9.59,92.5%,9.94,4.1
853,2 4 5 9 ,9.6,86.4%,9.62,4.65
854,3 3 5 9 ,9.6,87%,9.59,3.98
855,6 6 8 12 ,9.6,90.8%,9.93,4.24
856,1 7 12 12 ,9.61,80.3%,8.85,4.34
857,4 5 7 11 ,9.61,87.2%,9.82,4.96
858,2 2 4 9 ,9.63,90.5%,9.91,4.32
859,3 5 9 13 ,9.63,91.3%,9.95,4.02
860,3 7 8 13 ,9.63,83.9%,9.56,4.84
861,3 3 6 9 ,9.66,94.2%,10.33,4.11
862,4 4 5 7 ,9.67,85%,9.37,4.45
863,4 9 12 12 ,9.68,89.3%,10.15,4.33
864,1 5 6 13 ,9.73,90.2%,10.1,4.64
865,1 5 5 11 ,9.75,88%,9.86,4.12
866,3 3 7 9 ,9.75,90.6%,9.93,3.77
867,2 3 4 10 ,9.76,91.9%,10.2,4.24
868,2 4 6 13 ,9.76,87.3%,10.04,5.04
869,3 8 8 11 ,9.78,89.6%,9.92,4.56
870,5 6 9 12 ,9.8,87.3%,9.84,4.26
871,6 6 8 8 ,9.81,85.9%,9.68,4.4
872,4 9 9 10 ,9.82,89.9%,10.07,4.08
873,6 7 9 12 ,9.82,86.7%,9.7,4.72
874,2 3 9 13 ,9.84,87.6%,10.13,5.28
875,6 9 10 11 ,9.84,91.4%,10.17,4.09
876,3 3 3 5 ,9.85,85.6%,9.53,4.03
877,2 4 5 11 ,9.87,87.3%,10.07,4.72
878,1 2 5 10 ,9.9,91.7%,10.13,4.01
879,1 7 9 10 ,9.9,86.8%,9.84,3.93
880,6 12 13 13 ,9.9,87.3%,9.95,3.83
881,2 2 2 5 ,9.93,78.5%,9.04,4.73
882,3 3 6 10 ,9.94,86.3%,9.77,4.18
883,5 7 9 13 ,9.94,90.9%,10.38,4.06
884,4 4 6 13 ,9.96,82.6%,9.48,5.05
885,6 11 11 12 ,9.96,86.3%,9.83,3.96
886,3 6 9 11 ,9.98,86.6%,9.88,4.63
887,1 3 3 11 ,10,88.1%,9.97,4.67
888,6 10 12 12 ,10,88.8%,10.25,4.58
889,7 8 9 13 ,10,84%,9.72,4.22
890,3 4 5 6 ,10.01,84.1%,9.94,4.98
891,4 9 11 12 ,10.01,88.8%,10.2,4.28
892,6 8 9 11 ,10.01,84.3%,9.86,4.69
893,3 4 8 11 ,10.04,87%,10.05,4.95
894,4 6 7 10 ,10.04,86.6%,10.17,4.79
895,5 5 5 9 ,10.04,87.6%,9.83,4.16
896,2 6 12 12 ,10.05,88.9%,10.5,5.09
897,3 4 4 13 ,10.06,88.9%,10.14,4.21
898,4 5 6 10 ,10.07,90.3%,10.56,4.4
899,1 8 10 11 ,10.08,87.1%,10.06,3.44
900,3 3 6 13 ,10.08,86.3%,10.32,5.3
901,1 11 11 13 ,10.1,87.8%,10.09,4.29
902,6 7 8 9 ,10.1,84.4%,9.73,4.4
903,2 4 12 12 ,10.11,85.7%,10.07,4.75
904,1 2 4 7 ,10.12,89.4%,10.46,4.92
905,2 5 8 11 ,10.12,86%,10.3,5.12
906,2 3 6 9 ,10.14,93.2%,10.6,4.18
907,5 5 6 11 ,10.14,87.1%,10.06,4.61
908,6 8 9 9 ,10.14,86.2%,10.11,4.13
909,1 2 8 13 ,10.15,91.3%,10.42,4.72
910,3 3 7 12 ,10.16,84.5%,10.07,5.28
911,1 5 10 11 ,10.19,86.3%,9.97,3.65
912,2 4 8 9 ,10.19,83.9%,9.91,4.57
913,1 4 5 13 ,10.2,87.7%,10.34,4.52
914,3 4 6 11 ,10.21,89%,10.42,4.58
915,4 6 6 9 ,10.21,87.7%,10.54,5.28
916,1 3 5 9 ,10.23,90.5%,10.47,4.48
917,1 5 9 13 ,10.24,84.9%,10.15,4.75
918,4 5 7 9 ,10.26,86.7%,10.54,5.09
919,5 5 8 10 ,10.28,81.2%,9.75,4.02
920,6 7 8 11 ,10.29,83.6%,9.99,4.83
921,1 4 4 8 ,10.3,89.6%,10.51,5.49
922,2 4 6 12 ,10.31,94.4%,11.11,4.78
923,3 6 9 12 ,10.31,92.8%,10.77,4.19
924,5 6 8 12 ,10.31,87.9%,10.34,4.07
925,3 3 6 7 ,10.33,88.8%,10.71,4.62
926,4 7 9 13 ,10.33,84.2%,10.38,5.7
927,6 9 12 13 ,10.33,88.3%,10.51,4.31
928,2 2 7 12 ,10.34,83%,9.84,4.41
929,2 4 6 7 ,10.34,90.1%,10.47,4.3
930,5 6 7 13 ,10.38,86.3%,10.56,5.45
931,7 9 9 13 ,10.38,87.9%,10.39,4.67
932,5 8 11 12 ,10.39,86.9%,10.6,4.25
933,5 6 8 10 ,10.4,86.9%,10.36,4.41
934,2 5 10 10 ,10.41,78.4%,9.5,3.95
935,6 6 7 12 ,10.42,83.7%,10.11,4.75
936,2 2 8 8 ,10.43,91.4%,10.78,4.74
937,6 11 12 13 ,10.47,80.2%,9.63,4.99
938,2 6 8 12 ,10.49,94%,11.17,4.56
939,6 9 9 11 ,10.49,82.3%,9.79,5.08
940,1 2 7 11 ,10.5,88.2%,10.59,4.67
941,4 5 6 8 ,10.5,87.5%,10.42,4.27
942,4 5 10 12 ,10.53,86.3%,10.39,4.39
943,2 7 12 13 ,10.55,80.2%,9.78,4.86
944,6 10 12 13 ,10.55,82.5%,10.09,4.73
945,1 3 9 9 ,10.58,85%,10.2,4.07
946,1 4 4 11 ,10.61,86.4%,10.51,5.19
947,2 3 9 10 ,10.61,89.7%,10.8,4.22
948,1 2 3 13 ,10.65,91.8%,10.99,4.8
949,3 4 6 8 ,10.69,90.8%,11.23,5.03
950,3 4 9 13 ,10.69,79.4%,9.61,5.47
951,1 2 2 9 ,10.7,82.3%,9.98,4.52
952,1 7 9 11 ,10.7,85.1%,10.44,4.23
953,2 3 6 6 ,10.72,91.8%,11.1,4.39
954,1 3 6 11 ,10.73,88.2%,10.62,4.35
955,6 7 10 12 ,10.73,85.1%,10.7,4.77
956,2 2 5 12 ,10.74,84.6%,10.58,5.18
957,5 10 12 13 ,10.74,83.3%,10.29,4.46
958,1 3 8 13 ,10.75,90.3%,11.07,5
959,1 7 10 13 ,10.76,83.4%,10.39,4.63
960,1 6 6 6 ,10.77,85.5%,10.29,5.08
961,7 8 8 12 ,10.77,83.5%,10.38,4.49
962,2 5 7 7 ,10.79,82.6%,10.39,4.68
963,8 8 10 12 ,10.8,78.6%,9.78,5.62
964,2 3 6 13 ,10.81,90%,10.89,4.57
965,2 6 8 13 ,10.82,87.2%,10.94,5.07
966,3 9 10 13 ,10.88,82.8%,10.99,6.31
967,4 4 7 10 ,10.88,75%,9.01,4.44
968,1 9 10 13 ,10.89,83.1%,10.36,4.45
969,2 3 4 7 ,10.9,86.7%,10.84,4.88
970,4 4 8 12 ,10.9,92.1%,11.58,4.98
971,3 3 4 11 ,10.95,88.6%,11.03,5.46
972,1 2 6 10 ,10.96,86.6%,10.9,4.99
973,5 6 6 8 ,10.97,81.3%,10.5,5.82
974,3 3 9 12 ,11.01,87%,11.04,4.9
975,7 7 8 11 ,11.02,80.4%,10.07,4.44
976,1 3 7 10 ,11.04,86.4%,10.98,5.22
977,2 3 4 9 ,11.05,88.3%,11.14,4.71
978,2 3 10 12 ,11.05,86.5%,11.23,4.08
979,5 9 12 12 ,11.07,82.9%,10.77,4.73
980,3 4 6 6 ,11.08,90.4%,11.32,4.63
981,3 5 7 10 ,11.11,84.5%,10.74,5.14
982,5 8 8 8 ,11.13,80.3%,10.51,5.22
983,6 8 8 12 ,11.15,88%,11.42,5.04
984,2 4 5 6 ,11.16,91%,11.64,4.49
985,1 5 12 12 ,11.19,80.9%,10.3,4.95
986,2 6 7 11 ,11.19,82.5%,10.63,5.13
987,5 5 8 13 ,11.2,80.8%,10.65,4.51
988,2 4 6 11 ,11.22,85.1%,11.04,5.42
989,4 10 12 13 ,11.22,81.2%,10.32,5.45
990,2 3 3 10 ,11.23,84.6%,11.31,4.9
991,1 5 6 7 ,11.26,88.9%,11.57,4.65
992,3 4 8 12 ,11.27,87.7%,11.25,5.45
993,4 9 10 13 ,11.31,82.3%,10.76,4.82
994,4 4 9 12 ,11.32,78.4%,10.23,4.74
995,5 8 10 11 ,11.35,87.3%,10.99,4.76
996,2 2 8 9 ,11.37,86.8%,11.49,4.99
997,2 4 9 12 ,11.38,87.1%,11.34,4.79
998,1 2 7 12 ,11.4,77.5%,9.8,5.65
999,2 4 6 8 ,11.41,93.3%,11.83,4.45
1000,3 3 6 12 ,11.41,86.8%,11.57,6.02
1001,2 4 4 6 ,11.42,90.2%,11.76,4.74
1002,4 4 5 11 ,11.43,85%,11.3,4.8
1003,2 3 4 5 ,11.47,84.4%,11.13,5.67
1004,3 3 5 12 ,11.47,86.8%,11.48,5.13
1005,2 5 6 6 ,11.48,78.1%,10.07,5.7
1006,3 4 6 9 ,11.48,82.5%,10.85,5.48
1007,4 8 11 13 ,11.48,82.3%,10.61,5.22
1008,7 8 10 10 ,11.51,79.1%,10.65,4.94
1009,8 9 9 12 ,11.51,82.4%,10.88,4.73
1010,1 3 4 8 ,11.53,89.5%,11.66,4.68
1011,1 4 7 7 ,11.53,85.4%,11.34,4.63
1012,6 7 9 9 ,11.56,80.1%,10.74,5.92
1013,2 3 5 7 ,11.58,89%,11.68,4.96
1014,3 6 7 13 ,11.59,82.5%,10.9,6.14
1015,4 5 6 13 ,11.62,77.9%,10.29,5.17
1016,1 6 7 9 ,11.64,84.4%,11.38,4.72
1017,3 3 5 13 ,11.64,84.8%,11.43,4.75
1018,3 7 8 11 ,11.64,83%,11.26,5.73
1019,4 6 7 12 ,11.66,81.2%,11.25,5.45
1020,3 7 9 12 ,11.69,85.9%,11.67,5.62
1021,1 5 7 9 ,11.71,84.5%,11.22,4.91
1022,6 8 9 12 ,11.71,86.7%,11.72,5.06
1023,1 3 7 7 ,11.73,85.2%,11.51,4.66
1024,1 3 7 12 ,11.73,85.4%,11.07,5.05
1025,4 8 9 13 ,11.73,82.3%,10.92,6.09
1026,2 6 10 13 ,11.74,84.6%,11.36,5.47
1027,3 7 9 11 ,11.74,88.1%,11.85,4.87
1028,3 5 7 9 ,11.75,86.3%,11.49,4.9
1029,4 6 8 13 ,11.76,81%,10.98,5.17
1030,2 7 9 11 ,11.78,83.5%,11.38,5.39
1031,1 4 8 9 ,11.81,89%,11.98,5.09
1032,3 5 10 13 ,11.83,82.4%,11.07,5.39
1033,2 5 8 10 ,11.85,82.8%,11.01,4.8
1034,2 3 7 13 ,11.86,86.2%,11.71,5.32
1035,7 8 9 10 ,11.88,79.7%,11.05,5.31
1036,4 8 8 10 ,11.9,85.5%,11.69,5.53
1037,5 8 10 12 ,11.92,84.1%,11.22,5.11
1038,4 5 5 10 ,11.94,80.9%,11.04,4.48
1039,2 9 11 13 ,11.96,81.9%,11.33,5.42
1040,5 5 8 12 ,11.97,79.4%,11.01,5.07
1041,2 5 11 12 ,12,76.8%,10.4,5.38
1042,1 3 3 6 ,12.02,87.2%,11.94,5.2
1043,3 5 6 10 ,12.07,85.8%,11.77,5.67
1044,3 3 3 11 ,12.09,78%,10.79,5.39
1045,2 5 7 13 ,12.1,83.8%,11.81,5.63
1046,2 3 5 13 ,12.13,85.5%,11.96,5.37
1047,2 5 5 7 ,12.13,81.9%,11.63,4.87
1048,4 6 6 12 ,12.13,85.9%,11.69,5.85
1049,3 4 8 9 ,12.16,87.9%,12.33,5.06
1050,1 5 8 11 ,12.19,89.3%,12.51,5.6
1051,2 5 7 11 ,12.24,82.5%,11.62,5.73
1052,2 4 4 5 ,12.28,82.1%,11.35,5.15
1053,2 3 6 12 ,12.32,91.1%,12.79,5.21
1054,2 4 4 10 ,12.33,89.6%,12.46,5.19
1055,4 10 11 13 ,12.33,75.9%,10.6,5.65
1056,6 9 9 12 ,12.35,86.9%,12.22,5.82
1057,7 10 10 12 ,12.36,78%,11.21,5.24
1058,2 6 6 7 ,12.39,78.3%,10.85,5.63
1059,4 4 6 9 ,12.4,77.2%,10.61,5.66
1060,4 9 10 11 ,12.43,76.5%,10.72,5.81
1061,3 3 3 4 ,12.46,82.2%,11.62,5.97
1062,1 4 5 7 ,12.5,87.9%,12.51,5.29
1063,2 2 2 7 ,12.52,72.6%,9.55,5.66
1064,4 4 6 10 ,12.57,87.5%,12.59,5.31
1065,7 9 10 11 ,12.58,76.8%,10.92,5.39
1066,3 4 9 9 ,12.59,84.1%,12.15,5.04
1067,4 4 7 8 ,12.61,83.8%,12.37,5.6
1068,3 3 6 8 ,12.62,74.6%,10.48,5.65
1069,6 9 10 12 ,12.66,80%,11.52,6.07
1070,3 5 11 12 ,12.71,79.9%,11.47,5.79
1071,7 7 9 10 ,12.72,75.6%,11.28,5.24
1072,4 6 9 13 ,12.76,85.3%,12.73,5.28
1073,1 5 8 13 ,12.77,80%,11.57,5.81
1074,2 4 5 7 ,12.77,78.3%,11.38,5.65
1075,3 5 6 11 ,12.78,82.4%,12.1,6.65
1076,1 4 7 9 ,12.79,82.1%,11.98,5.09
1077,2 4 8 13 ,12.81,82.2%,12.15,5.93
1078,3 3 9 13 ,12.84,74.2%,10.67,5.96
1079,4 8 12 12 ,12.84,85.4%,12.21,5.85
1080,4 7 10 12 ,12.87,79.7%,11.47,5.59
1081,5 6 10 12 ,12.88,75.8%,11.03,5.52
1082,3 3 5 10 ,12.9,82.8%,12.1,5.34
1083,4 5 8 13 ,12.9,78%,11.44,5.95
1084,4 4 6 8 ,12.96,84.2%,12.34,6.67
1085,5 7 7 9 ,12.96,74.1%,11.14,5.12
1086,5 7 11 13 ,12.97,70.8%,10.08,5.2
1087,2 5 10 13 ,12.98,81.9%,12.41,5.89
1088,2 3 3 3 ,13.01,82.1%,11.96,6.01
1089,1 4 5 9 ,13.04,82%,12.13,6.72
1090,6 9 11 13 ,13.05,72.6%,10.45,6.1
1091,1 4 6 6 ,13.09,80.2%,11.92,6.48
1092,2 3 8 8 ,13.09,80.3%,11.93,5.73
1093,3 5 6 13 ,13.14,76%,11.34,5.55
1094,4 4 5 12 ,13.22,78.8%,11.65,6.03
1095,5 5 7 10 ,13.25,73.8%,11.44,5.02
1096,1 5 6 11 ,13.26,80.7%,12.06,6.52
1097,5 9 10 13 ,13.29,77.9%,11.6,5.87
1098,2 3 5 10 ,13.3,80.2%,12.08,5.35
1099,1 4 5 8 ,13.33,82.4%,12.57,5.72
1100,1 1 6 9 ,13.38,80.5%,11.54,6.49
1101,3 5 7 8 ,13.39,85.2%,12.99,5.94
1102,2 7 10 11 ,13.41,78.6%,12.24,6.02
1103,5 7 10 10 ,13.41,76.5%,12.16,5.36
1104,6 9 11 12 ,13.41,75.4%,11.13,6.02
1105,2 2 2 9 ,13.48,76.1%,11.09,6.42
1106,2 8 10 13 ,13.48,80.8%,12.69,6.09
1107,6 8 11 12 ,13.48,77.9%,12.29,5.77
1108,4 10 10 12 ,13.52,78.1%,12.24,6.35
1109,1 3 6 10 ,13.53,82.3%,12.21,6.96
1110,7 10 11 13 ,13.57,73.4%,11.18,5.85
1111,6 7 7 10 ,13.58,72.6%,10.92,5.35
1112,4 5 8 10 ,13.68,75.9%,11.43,5.93
1113,3 8 9 11 ,13.8,79.8%,12.72,6.82
1114,2 10 12 13 ,13.85,81.4%,13.13,6.05
1115,6 12 12 12 ,13.9,76.5%,11.76,6.74
1116,2 3 7 8 ,13.93,80.2%,12.79,5.6
1117,6 7 10 10 ,13.98,70.6%,10.59,5.8
1118,3 5 9 9 ,14.04,79.2%,12.95,6.13
1119,2 3 8 9 ,14.1,81.1%,12.94,6.24
1120,2 2 5 9 ,14.14,74.1%,11.76,6.27
1121,2 4 7 9 ,14.16,80.3%,13.28,6.4
1122,5 7 9 11 ,14.2,71.3%,11.1,5.89
1123,1 3 7 9 ,14.22,80.3%,12.75,5.48
1124,3 3 9 11 ,14.26,79%,13.15,5.71
1125,3 5 5 11 ,14.31,79.2%,13.24,5.57
1126,2 4 9 10 ,14.32,79.2%,13.07,6.03
1127,3 3 8 10 ,14.42,80.7%,13.74,5.76
1128,3 4 4 10 ,14.47,77.1%,12.21,6.7
1129,3 5 12 12 ,14.52,67.2%,9.8,5.94
1130,3 4 4 11 ,14.53,76.2%,12.68,6.42
1131,1 3 5 6 ,14.56,86.2%,14.26,5.95
1132,2 6 12 13 ,14.57,78.4%,13.43,5.85
1133,2 6 9 12 ,14.6,82.7%,13.72,6.54
1134,2 5 9 10 ,14.68,78.2%,13.16,6.23
1135,3 3 4 13 ,14.69,76.4%,12.35,6.78
1136,4 6 9 12 ,14.69,77.6%,12.71,7.02
1137,4 5 8 11 ,14.7,73.3%,11.86,6.7
1138,5 5 9 11 ,14.7,71.2%,12.32,5.19
1139,4 4 5 13 ,14.73,73.1%,12.06,7.15
1140,3 4 7 12 ,14.77,82.4%,14.19,6.22
1141,6 10 10 13 ,14.8,69%,10.94,6.04
1142,5 6 6 12 ,14.88,80.6%,13.6,6.09
1143,4 4 4 10 ,14.89,76.9%,12.81,6.49
1144,5 9 9 12 ,14.89,75.7%,13.1,6.73
1145,3 4 10 10 ,14.93,75.3%,12.93,6.05
1146,3 6 11 13 ,14.95,72.8%,11.48,6.82
1147,2 2 5 10 ,14.97,78.7%,13.53,5.82
1148,2 2 3 4 ,14.98,77.2%,13.14,6.06
1149,2 5 9 11 ,15.01,76.2%,13.17,6.89
1150,2 2 7 7 ,15.06,69.8%,11.35,6.01
1151,3 6 8 13 ,15.09,81.3%,14.41,6.25
1152,4 7 8 12 ,15.1,79.4%,13.95,6.73
1153,3 3 9 10 ,15.12,77.9%,13.63,6.12
1154,1 5 11 12 ,15.2,71%,11.47,6.2
1155,5 7 8 10 ,15.21,70.8%,12.25,5.7
1156,3 6 8 12 ,15.25,80.4%,13.93,6.22
1157,2 4 10 11 ,15.31,79.2%,14.15,6.58
1158,3 6 6 13 ,15.36,72.4%,12.17,6.46
1159,1 4 4 6 ,15.39,79.5%,13.59,6.79
1160,7 9 12 12 ,15.47,64.1%,9.44,5.53
1161,5 5 5 12 ,15.48,67.4%,10.26,6.36
1162,2 5 8 8 ,15.5,71.2%,11.82,6.69
1163,4 6 8 10 ,15.52,76.2%,12.85,7.69
1164,2 6 11 12 ,15.61,77.5%,14.05,6.41
1165,1 5 5 10 ,15.72,70.9%,11.79,7.04
1166,2 3 8 10 ,15.8,82.2%,15.11,6.62
1167,2 5 5 9 ,15.81,78.6%,14.48,6.04
1168,4 5 7 13 ,15.82,72.6%,12.54,6.3
1169,3 3 8 13 ,15.87,69.7%,11.44,6.26
1170,5 7 12 12 ,15.9,65.8%,10.54,6.31
1171,7 7 7 12 ,15.92,64.9%,9.07,6.1
1172,1 3 12 13 ,16.06,75.7%,13.71,6.87
1173,2 3 6 7 ,16.07,80.8%,15.05,6.63
1174,1 3 8 10 ,16.15,70.8%,12.4,6.53
1175,4 7 8 11 ,16.36,68.6%,10.96,6.74
1176,5 6 9 13 ,16.42,68.8%,12.54,6.14
1177,3 10 11 13 ,16.51,71.2%,13.38,6.32
1178,2 2 6 7 ,16.54,72.4%,13.14,6.91
1179,6 10 11 12 ,16.57,69.6%,13.11,6.3
1180,2 6 10 11 ,16.61,73.2%,13.73,7.01
1181,5 5 6 8 ,16.63,78.3%,15.01,6.63
1182,2 6 6 9 ,16.65,72.7%,13.14,6.59
1183,4 9 9 12 ,16.7,71.5%,13.54,6.61
1184,6 8 9 10 ,16.78,71%,12.91,7.24
1185,3 9 9 13 ,16.92,67.3%,12.23,6.16
1186,1 3 11 12 ,16.97,75.8%,14.59,7.58
1187,1 4 10 12 ,17.01,72%,12.98,6.69
1188,2 3 7 10 ,17.06,76.8%,15.01,6.81
1189,2 4 4 9 ,17.07,73.4%,13.67,7.52
1190,6 6 9 10 ,17.14,69.9%,13.41,6.87
1191,2 7 10 10 ,17.17,67.9%,13.45,5.86
1192,2 3 7 7 ,17.21,76.5%,15.33,6.66
1193,2 2 9 12 ,17.35,72.8%,15,6.43
1194,6 6 6 10 ,17.37,66.1%,11.64,6.62
1195,8 8 8 11 ,17.41,63.1%,10.36,6.09
1196,5 7 7 10 ,17.43,67.7%,13.25,6.52
1197,10 12 12 12 ,17.48,64.1%,10.41,5.87
1198,3 5 8 9 ,17.65,75.6%,15.75,7.57
1199,3 6 8 10 ,17.74,66.5%,12.13,6.92
1200,3 5 7 12 ,17.79,70.8%,14.15,7.74
1201,2 8 10 12 ,17.93,79.7%,16.57,7.57
1202,3 9 9 11 ,17.93,70.3%,13.83,7.61
1203,3 8 9 13 ,17.98,73.4%,15.41,7.17
1204,9 9 9 12 ,18.29,63.2%,9.85,6.73
1205,2 6 7 10 ,18.34,69.6%,13.09,7.31
1206,2 6 8 9 ,18.53,72.4%,15.61,6.65
1207,3 4 8 13 ,18.58,69.8%,13.92,7.88
1208,4 5 6 9 ,18.61,75.2%,16.62,7.11
1209,3 5 12 13 ,18.68,67.9%,14.53,6.58
1210,8 10 12 13 ,18.68,67.2%,14.48,6.41
1211,2 6 9 10 ,18.69,69.4%,14.89,6.89
1212,2 4 7 8 ,19.06,76.4%,16.87,7.22
1213,4 8 9 12 ,19.09,72.4%,16.35,6.82
1214,2 3 10 10 ,19.37,69.2%,14.6,7.58
1215,2 2 9 10 ,19.47,65%,14.37,7.35
1216,3 5 9 10 ,19.56,67.9%,14.59,7.73
1217,2 7 10 12 ,19.61,70.1%,16,7.1
1218,2 2 4 4 ,19.66,71.6%,15.14,8.22
1219,6 8 8 9 ,19.71,63%,11.73,7.19
1220,2 2 4 12 ,19.75,75.1%,15.51,9.35
1221,1 3 3 8 ,19.89,73.6%,15.9,7.98
1222,8 10 12 12 ,19.9,63.3%,11.69,7.44
1223,2 3 11 11 ,19.99,67.9%,15.03,7.73
1224,7 8 8 10 ,20.24,61.1%,12.2,7.77
1225,2 3 9 12 ,20.29,66.9%,13.2,7.64
1226,1 5 7 10 ,20.41,69.4%,16.27,7.63
1227,6 8 10 11 ,20.51,64%,13.72,7.28
1228,1 3 8 11 ,20.65,73.3%,16.91,8.24
1229,5 9 12 13 ,20.7,64.3%,15.81,7.12
1230,3 5 10 11 ,20.79,69.3%,16.08,8.41
1231,3 6 9 13 ,21.05,69.1%,17.18,7.58
1232,4 4 8 9 ,21.27,69.5%,16.83,8.31
1233,10 10 10 12 ,21.27,60.7%,10.55,7.1
1234,2 3 3 5 ,21.29,69.4%,15.84,8.56
1235,2 7 12 12 ,21.29,62.6%,12.45,7.55
1236,1 2 8 10 ,21.3,67.4%,15.26,7.91
1237,9 11 12 12 ,21.36,59.2%,10.85,6.55
1238,3 3 7 8 ,21.42,68.4%,16.98,8.18
1239,1 6 10 12 ,21.44,65.8%,14.19,8.02
1240,3 5 7 11 ,21.47,64.1%,14.52,7.83
1241,2 3 5 8 ,21.49,72.7%,18.01,7.76
1242,4 5 7 10 ,22.08,63.2%,14.56,8
1243,5 7 10 13 ,22.49,61.7%,16.51,7.36
1244,2 9 10 10 ,22.72,60.8%,16.73,7.44
1245,2 4 5 10 ,23.07,67%,17.43,8.13
1246,2 3 6 8 ,23.15,75.1%,20.26,8.92
1247,5 9 11 13 ,23.49,61.3%,16.71,7.8
1248,3 4 5 13 ,23.83,65.3%,17.93,8.56
1249,1 5 9 12 ,24.09,62.4%,14.21,8.83
1250,5 7 9 10 ,24.48,60.8%,15.57,8.57
1251,4 10 11 12 ,24.66,62.9%,17.55,8.88
1252,2 4 5 5 ,24.88,60.3%,15.36,8.53
1253,6 6 7 11 ,24.95,57.9%,13.18,8.13
1254,2 2 5 8 ,25.14,63.5%,16.84,9.28
1255,2 5 10 12 ,25.15,63.6%,18.1,8.74
1256,3 4 4 4 ,25.18,67.2%,18.07,9.91
1257,5 6 6 9 ,25.33,59.1%,14.28,8.87
1258,8 8 9 12 ,25.57,56.4%,12.85,7.68
1259,3 4 7 8 ,25.6,60.5%,14.46,8.32
1260,4 9 10 12 ,25.61,61.6%,17.18,9.19
1261,2 2 6 11 ,25.63,62.1%,18.55,8.65
1262,8 9 11 11 ,25.65,57.9%,15.88,8.42
1263,3 5 10 10 ,25.86,53.9%,12.56,6.73
1264,3 9 11 13 ,26.36,57.7%,14.06,8.49
1265,4 7 8 10 ,26.63,62.3%,18.81,9.21
1266,5 6 7 9 ,26.63,59.6%,16.2,9.16
1267,2 6 9 9 ,27.11,57.7%,14.56,8.29
1268,2 3 13 13 ,27.23,58.1%,17.73,9.67
1269,1 7 12 13 ,27.84,56.2%,15.29,9.32
1270,1 4 9 13 ,28.04,60.8%,18.96,10.1
1271,4 10 10 11 ,28.17,54.6%,19.45,9.09
1272,3 4 5 11 ,28.39,63%,20.63,9.94
1273,3 3 6 6 ,28.93,57.7%,14.37,8.52
1274,4 5 9 12 ,29.37,60.5%,22.32,10.22
1275,6 6 9 13 ,29.47,54%,13.43,8.55
1276,2 3 7 9 ,30.68,57.6%,18.26,10.11
1277,4 4 7 13 ,31.22,53.6%,15.08,9.43
1278,2 5 12 13 ,31.41,58%,22.35,10.01
1279,2 2 7 10 ,31.47,53.1%,16.37,8.73
1280,1 4 6 10 ,32.59,55.6%,19.09,9.56
1281,3 6 7 10 ,32.86,57.3%,21.93,10.37
1282,2 5 8 12 ,33.06,54.4%,17.99,9.85
1283,1 2 7 7 ,33.19,54.6%,17.43,10.38
1284,3 8 10 12 ,34.78,53.5%,20.72,10.55
1285,2 5 7 9 ,35.23,52.6%,23.51,10.3
1286,2 2 3 10 ,35.49,54.6%,18.3,10.34
1287,6 7 11 11 ,35.77,46%,19.88,10.21
1288,2 4 7 7 ,35.82,50.7%,17.36,9.73
1289,2 2 6 9 ,36.54,52%,18.14,10.18
1290,7 9 11 12 ,36.93,49.8%,17.58,10.51
1291,4 7 9 11 ,37.32,51.2%,22.75,11.18
1292,2 2 3 5 ,39.11,51.3%,15.48,8.87
1293,5 5 8 11 ,39.33,45.9%,24.39,11.03
1294,3 6 6 10 ,39.78,49.9%,18.51,10.67
1295,5 10 10 11 ,41.33,41.7%,15,7.05
1296,1 5 11 11 ,42.43,43.2%,16.25,9.96
1297,7 8 9 12 ,42.82,48.2%,16.23,10.25
1298,1 2 9 11 ,46.18,44.4%,22.36,12.2
1299,1 7 13 13 ,47.38,41.6%,14.33,8.71
1300,4 9 11 11 ,47.38,43.1%,25.45,14.03
1301,1 5 5 5 ,47.4,43.3%,12.1,7.44
1302,5 9 10 11 ,47.59,42.6%,28.32,13.48
1303,6 7 7 11 ,48.69,42.4%,27.71,14.49
1304,5 10 10 13 ,49.33,38.6%,17.14,7.91
1305,3 3 7 7 ,50.27,40.7%,12.8,7.56
1306,3 5 8 13 ,51.19,41.9%,30.54,14.07
1307,8 9 10 12 ,51.24,42.4%,22.21,14
1308,2 5 6 9 ,53.78,43.9%,27.55,13.67
1309,1 6 11 13 ,54.48,38.2%,18.69,10.07
1310,4 6 6 10 ,56.73,40.3%,23.14,12.69
1311,1 3 9 10 ,57.28,40.7%,23.18,12.25
1312,2 2 11 11 ,58.02,39.9%,13.56,8.94
1313,4 4 7 7 ,58.56,38.6%,14.79,8.27
1314,5 7 9 12 ,58.94,39.4%,17.81,11.4
1315,4 5 6 12 ,59.29,43.9%,21.93,16.08
1316,4 6 7 9 ,59.86,41.7%,19.61,12.29
1317,4 4 10 10 ,61.29,39.7%,13.46,9.04
1318,4 7 11 13 ,62.39,36.8%,31.22,16.62
1319,6 12 12 13 ,62.7,37.7%,15.52,8.66
1320,3 5 8 12 ,63.22,37.7%,28.03,13.5
1321,4 5 6 11 ,63.28,37.5%,19.6,10.95
1322,6 7 8 12 ,63.64,40.5%,17.17,12.46
1323,3 4 6 13 ,63.91,39.9%,20.51,11.81
1324,2 4 11 12 ,65.19,38.9%,23.72,13.36
1325,6 11 12 12 ,65.93,35.9%,15.64,9.19
1326,5 8 9 13 ,66.05,34.7%,34.44,16.26
1327,5 7 10 11 ,66.48,35.6%,24.28,13.5
1328,2 2 13 13 ,66.8,37%,14.2,8.38
1329,7 10 12 13 ,68.27,37.5%,22.57,12.92
1330,5 6 8 13 ,69.83,36%,22.69,11.47
1331,2 7 8 9 ,70.81,39.3%,18.62,11.25
1332,2 2 6 13 ,72.42,33%,30.9,16.39
1333,1 4 7 11 ,74.91,35.3%,29.87,16.43
1334,5 6 9 11 ,75.21,33.2%,26.37,15.18
1335,6 9 9 10 ,81.28,31.3%,32.74,18.48
1336,2 5 7 8 ,84.73,32.8%,28.54,15.76
1337,7 8 8 13 ,84.82,29.4%,27.17,15.02
1338,4 8 8 13 ,89.32,29%,24.81,14.52
1339,3 3 7 13 ,90.79,27.1%,32.73,18.52
1340,3 8 8 10 ,91.17,28.8%,25.37,16.08
1341,2 7 7 10 ,91.35,26.8%,27.12,13
1342,4 8 8 11 ,92.89,29.7%,23.32,13.95
1343,5 7 7 11 ,94.78,26.8%,25.81,13.03
1344,5 5 7 11 ,95.73,25.8%,26.04,13.42
1345,2 2 10 11 ,96.73,30.3%,26.19,17.05
1346,7 8 10 11 ,97.01,29.5%,23.95,14.01
1347,2 3 8 13 ,97.6,31.5%,23.94,12.96
1348,9 11 12 13 ,99.42,28%,22.07,13.21
1349,1 6 6 8 ,106.03,29.1%,21.84,13.36
1350,1 8 12 12 ,106.72,28.6%,20.3,13.18
1351,3 3 5 7 ,108.58,28.9%,28.71,18.15
1352,3 7 9 13 ,111.15,26%,40.06,21.94
1353,2 9 13 13 ,111.62,24.6%,30.92,19.52
1354,2 4 7 12 ,112.59,27.9%,29.58,17.02
1355,2 4 10 10 ,113.28,25.4%,29.06,18.93
1356,3 6 6 11 ,114.68,26.7%,24.91,15.46
1357,3 3 8 8 ,114.83,30.2%,15.61,10.57
1358,3 5 7 13 ,128.53,23.4%,38.91,21.36
1359,2 5 5 10 ,191.07,21.6%,24.04,16.42
1360,1 4 5 6 ,198.5,28.4%,18.44,11.95
1361,1 3 4 6 ,205.13,26.6%,19.86,12.27
1362,2 3 5 12 ,211.16,20.3%,29.8,22.14
